{
  "name" : "Conflict",
  "description" : null,
  "mode" : "ANNOTATION",
  "version" : 1,
  "source_documents" : [ ],
  "annotation_documents" : [ ],
  "project_permissions" : [ {
    "level" : "ADMIN",
    "user" : "admin"
  }, {
    "level" : "CURATOR",
    "user" : "admin"
  }, {
    "level" : "USER",
    "user" : "admin"
  } ],
  "tag_sets" : [ {
    "name" : "CTEventSpanTypes",
    "typeUiName" : null,
    "description" : null,
    "language" : "United States",
    "type" : null,
    "type_name" : null,
    "type_description" : null,
    "tags" : [ {
      "tag_name" : "attacker",
      "tag_description" : null
    }, {
      "tag_name" : "instrument",
      "tag_description" : null
    }, {
      "tag_name" : "interesting",
      "tag_description" : null
    }, {
      "tag_name" : "place",
      "tag_description" : null
    }, {
      "tag_name" : "target",
      "tag_description" : null
    }, {
      "tag_name" : "time",
      "tag_description" : null
    }, {
      "tag_name" : "trigger",
      "tag_description" : null
    } ],
    "create_tag" : false
  } ],
  "layers" : [ {
    "name" : "webanno.custom.CTEventSpan",
    "features" : [ {
      "name" : "negative_example",
      "tag_set" : null,
      "uiName" : "negative_example",
      "type" : "uima.cas.Boolean",
      "enabled" : true,
      "visible" : true,
      "include_in_hover" : false,
      "required" : false,
      "remember" : false,
      "hideUnconstraintFeature" : false,
      "description" : null,
      "project_name" : "Conflict",
      "multi_value_mode" : "NONE",
      "link_mode" : "NONE",
      "link_type_name" : null,
      "link_type_role_feature_name" : null,
      "link_type_target_feature_name" : null,
      "traits" : null
    } ],
    "uiName" : "CTEventSpan",
    "type" : "span",
    "description" : null,
    "enabled" : true,
    "built_in" : false,
    "readonly" : false,
    "attach_type" : null,
    "attach_feature" : null,
    "allow_stacking" : true,
    "cross_sentence" : true,
    "show_hover" : true,
    "anchoring_mode" : "CHARACTERS",
    "validation_mode" : "ALWAYS",
    "lock_to_token_offset" : false,
    "multiple_tokens" : false,
    "project_name" : "Conflict",
    "linked_list_behavior" : false,
    "on_click_javascript_action" : null
  }, {
    "name" : "webanno.custom.CTEventSpanType",
    "features" : [ {
      "name" : "relation_type",
      "tag_set" : {
        "name" : "CTEventSpanTypes",
        "typeUiName" : null,
        "description" : null,
        "language" : "United States",
        "type" : null,
        "type_name" : null,
        "type_description" : null,
        "tags" : [ {
          "tag_name" : "attacker",
          "tag_description" : null
        }, {
          "tag_name" : "instrument",
          "tag_description" : null
        }, {
          "tag_name" : "interesting",
          "tag_description" : null
        }, {
          "tag_name" : "place",
          "tag_description" : null
        }, {
          "tag_name" : "target",
          "tag_description" : null
        }, {
          "tag_name" : "time",
          "tag_description" : null
        }, {
          "tag_name" : "trigger",
          "tag_description" : null
        } ],
        "create_tag" : false
      },
      "uiName" : "relation_type",
      "type" : "uima.cas.String",
      "enabled" : true,
      "visible" : true,
      "include_in_hover" : false,
      "required" : false,
      "remember" : false,
      "hideUnconstraintFeature" : false,
      "description" : null,
      "project_name" : "Conflict",
      "multi_value_mode" : "NONE",
      "link_mode" : "NONE",
      "link_type_name" : null,
      "link_type_role_feature_name" : null,
      "link_type_target_feature_name" : null,
      "traits" : null
    } ],
    "uiName" : "CTEventSpanType",
    "type" : "relation",
    "description" : null,
    "enabled" : true,
    "built_in" : false,
    "readonly" : false,
    "attach_type" : {
      "name" : "webanno.custom.CTEventSpan"
    },
    "attach_feature" : null,
    "allow_stacking" : true,
    "cross_sentence" : true,
    "show_hover" : true,
    "anchoring_mode" : "CHARACTERS",
    "validation_mode" : "ALWAYS",
    "lock_to_token_offset" : false,
    "multiple_tokens" : false,
    "project_name" : "Conflict",
    "linked_list_behavior" : false,
    "on_click_javascript_action" : null
  }, {
    "name" : "de.tudarmstadt.ukp.dkpro.core.api.segmentation.type.Token",
    "features" : [ {
      "name" : "lemma",
      "tag_set" : null,
      "uiName" : "lemma",
      "type" : "de.tudarmstadt.ukp.dkpro.core.api.segmentation.type.Lemma",
      "enabled" : true,
      "visible" : true,
      "include_in_hover" : false,
      "required" : false,
      "remember" : false,
      "hideUnconstraintFeature" : false,
      "description" : null,
      "project_name" : "Conflict",
      "multi_value_mode" : "NONE",
      "link_mode" : "NONE",
      "link_type_name" : null,
      "link_type_role_feature_name" : null,
      "link_type_target_feature_name" : null,
      "traits" : null
    }, {
      "name" : "morph",
      "tag_set" : null,
      "uiName" : "morph",
      "type" : "de.tudarmstadt.ukp.dkpro.core.api.segmentation.type.Lemma",
      "enabled" : true,
      "visible" : true,
      "include_in_hover" : false,
      "required" : false,
      "remember" : false,
      "hideUnconstraintFeature" : false,
      "description" : null,
      "project_name" : "Conflict",
      "multi_value_mode" : "NONE",
      "link_mode" : "NONE",
      "link_type_name" : null,
      "link_type_role_feature_name" : null,
      "link_type_target_feature_name" : null,
      "traits" : null
    }, {
      "name" : "pos",
      "tag_set" : null,
      "uiName" : "pos",
      "type" : "de.tudarmstadt.ukp.dkpro.core.api.lexmorph.type.pos.POS",
      "enabled" : true,
      "visible" : true,
      "include_in_hover" : false,
      "required" : false,
      "remember" : false,
      "hideUnconstraintFeature" : false,
      "description" : null,
      "project_name" : "Conflict",
      "multi_value_mode" : "NONE",
      "link_mode" : "NONE",
      "link_type_name" : null,
      "link_type_role_feature_name" : null,
      "link_type_target_feature_name" : null,
      "traits" : null
    } ],
    "uiName" : "Token",
    "type" : "span",
    "description" : null,
    "enabled" : true,
    "built_in" : true,
    "readonly" : false,
    "attach_type" : null,
    "attach_feature" : null,
    "allow_stacking" : false,
    "cross_sentence" : false,
    "show_hover" : true,
    "anchoring_mode" : "SINGLE_TOKEN",
    "validation_mode" : "NEVER",
    "lock_to_token_offset" : true,
    "multiple_tokens" : false,
    "project_name" : "Conflict",
    "linked_list_behavior" : false,
    "on_click_javascript_action" : null
  } ],
  "disableExport" : false,
  "script_direction" : "LTR",
  "created" : 1550617699665,
  "updated" : 1550618732970,
  "knowledge_bases" : [ ],
  "recommenders" : [ ],
  "gazeteers" : [ ]
}